FrameRef,Layer,Protocol,Field,Value
Packet_0,1,ETH,Destination MAC,A0:36:9F:A8:DA:61
Packet_0,1,ETH,Source MAC,A0:36:9F:A8:DA:60
Packet_0,1,ETH,EtherType,ARP
Packet_0,2,RAW,Data,0x01010101010101010101010101010101010101010101010101010101010101010101010101010101010101010101
Packet_1,1,ETH,Destination MAC,A0:36:9F:A8:DA:62
Packet_1,1,ETH,Source MAC,A0:36:9F:A8:DA:60
Packet_1,1,ETH,EtherType,ARP
Packet_1,2,RAW,Data,0x02020202020202020202020202020202020202020202020202020202020202020202020202020202020202020202
Packet_2,1,ETH,Destination MAC,A0:36:9F:A8:DA:63
Packet_2,1,ETH,Source MAC,A0:36:9F:A8:DA:60
Packet_2,1,ETH,EtherType,ARP
Packet_2,2,RAW,Data,0x03030303030303030303030303030303030303030303030303030303030303030303030303030303030303030303
Packet_3,1,ETH,Destination MAC,6C:B3:11:1C:18:19
Packet_3,1,ETH,Source MAC,A0:36:9F:A8:DA:60
Packet_3,1,ETH,EtherType,ARP
Packet_3,2,RAW,Data,0x04040404040404040404040404040404040404040404040404040404040404040404040404040404040404040404
Packet_4,1,ETH,Destination MAC,6C:B3:11:1C:18:18
Packet_4,1,ETH,Source MAC,A0:36:9F:A8:DA:60
Packet_4,1,ETH,EtherType,ARP
Packet_4,2,RAW,Data,0x05050505050505050505050505050505050505050505050505050505050505050505050505050505050505050505
Packet_5,1,ETH,Destination MAC,A0:36:9F:A8:DA:60
Packet_5,1,ETH,Source MAC,A0:36:9F:A8:DA:61
Packet_5,1,ETH,EtherType,ARP
Packet_5,2,RAW,Data,0x06060606060606060606060606060606060606060606060606060606060606060606060606060606060606060606
Packet_6,1,ETH,Destination MAC,A0:36:9F:A8:DA:62
Packet_6,1,ETH,Source MAC,A0:36:9F:A8:DA:61
Packet_6,1,ETH,EtherType,ARP
Packet_6,2,RAW,Data,0x07070707070707070707070707070707070707070707070707070707070707070707070707070707070707070707
Packet_7,1,ETH,Destination MAC,A0:36:9F:A8:DA:63
Packet_7,1,ETH,Source MAC,A0:36:9F:A8:DA:61
Packet_7,1,ETH,EtherType,ARP
Packet_7,2,RAW,Data,0x08080808080808080808080808080808080808080808080808080808080808080808080808080808080808080808
Packet_8,1,ETH,Destination MAC,6C:B3:11:1C:18:19
Packet_8,1,ETH,Source MAC,A0:36:9F:A8:DA:61
Packet_8,1,ETH,EtherType,ARP
Packet_8,2,RAW,Data,0x09090909090909090909090909090909090909090909090909090909090909090909090909090909090909090909
Packet_9,1,ETH,Destination MAC,6C:B3:11:1C:18:18
Packet_9,1,ETH,Source MAC,A0:36:9F:A8:DA:61
Packet_9,1,ETH,EtherType,ARP
Packet_9,2,RAW,Data,0x10101010101010101010101010101010101010101010101010101010101010101010101010101010101010101010
Packet_10,1,ETH,Destination MAC,A0:36:9F:A8:DA:60
Packet_10,1,ETH,Source MAC,A0:36:9F:A8:DA:62
Packet_10,1,ETH,EtherType,ARP
Packet_10,2,RAW,Data,0x1A1A1A1A1A1A1A1A1A1A1A1A1A1A1A1A1A1A1A1A1A1A1A1A1A1A1A1A1A1A1A1A1A1A1A1A1A1A1A1A1A1A1A1A1A1A
Packet_11,1,ETH,Destination MAC,A0:36:9F:A8:DA:61
Packet_11,1,ETH,Source MAC,A0:36:9F:A8:DA:62
Packet_11,1,ETH,EtherType,ARP
Packet_11,2,RAW,Data,0x1B1B1B1B1B1B1B1B1B1B1B1B1B1B1B1B1B1B1B1B1B1B1B1B1B1B1B1B1B1B1B1B1B1B1B1B1B1B1B1B1B1B1B1B1B1B
Packet_12,1,ETH,Destination MAC,A0:36:9F:A8:DA:63
Packet_12,1,ETH,Source MAC,A0:36:9F:A8:DA:62
Packet_12,1,ETH,EtherType,ARP
Packet_12,2,RAW,Data,0x1C1C1C1C1C1C1C1C1C1C1C1C1C1C1C1C1C1C1C1C1C1C1C1C1C1C1C1C1C1C1C1C1C1C1C1C1C1C1C1C1C1C1C1C1C1C
Packet_13,1,ETH,Destination MAC,6C:B3:11:1C:18:19
Packet_13,1,ETH,Source MAC,A0:36:9F:A8:DA:62
Packet_13,1,ETH,EtherType,ARP
Packet_13,2,RAW,Data,0x1D1D1D1D1D1D1D1D1D1D1D1D1D1D1D1D1D1D1D1D1D1D1D1D1D1D1D1D1D1D1D1D1D1D1D1D1D1D1D1D1D1D1D1D1D1D
Packet_14,1,ETH,Destination MAC,6C:B3:11:1C:18:18
Packet_14,1,ETH,Source MAC,A0:36:9F:A8:DA:62
Packet_14,1,ETH,EtherType,ARP
Packet_14,2,RAW,Data,0x1E1E1E1E1E1E1E1E1E1E1E1E1E1E1E1E1E1E1E1E1E1E1E1E1E1E1E1E1E1E1E1E1E1E1E1E1E1E1E1E1E1E1E1E1E1E
Packet_15,1,ETH,Destination MAC,A0:36:9F:A8:DA:60
Packet_15,1,ETH,Source MAC,A0:36:9F:A8:DA:63
Packet_15,1,ETH,EtherType,ARP
Packet_15,2,RAW,Data,0x1F1F1F1F1F1F1F1F1F1F1F1F1F1F1F1F1F1F1F1F1F1F1F1F1F1F1F1F1F1F1F1F1F1F1F1F1F1F1F1F1F1F1F1F1F1F
Packet_16,1,ETH,Destination MAC,A0:36:9F:A8:DA:61
Packet_16,1,ETH,Source MAC,A0:36:9F:A8:DA:63
Packet_16,1,ETH,EtherType,ARP
Packet_16,2,RAW,Data,0x20202020202020202020202020202020202020202020202020202020202020202020202020202020202020202020
Packet_17,1,ETH,Destination MAC,A0:36:9F:A8:DA:62
Packet_17,1,ETH,Source MAC,A0:36:9F:A8:DA:63
Packet_17,1,ETH,EtherType,ARP
Packet_17,2,RAW,Data,0x21212121212121212121212121212121212121212121212121212121212121212121212121212121212121212121
Packet_18,1,ETH,Destination MAC,6C:B3:11:1C:18:19
Packet_18,1,ETH,Source MAC,A0:36:9F:A8:DA:63
Packet_18,1,ETH,EtherType,ARP
Packet_18,2,RAW,Data,0x22222222222222222222222222222222222222222222222222222222222222222222222222222222222222222222
Packet_19,1,ETH,Destination MAC,6C:B3:11:1C:18:18
Packet_19,1,ETH,Source MAC,A0:36:9F:A8:DA:63
Packet_19,1,ETH,EtherType,ARP
Packet_19,2,RAW,Data,0x23232323232323232323232323232323232323232323232323232323232323232323232323232323232323232323
Packet_20,1,ETH,Destination MAC,A0:36:9F:A8:DA:60
Packet_20,1,ETH,Source MAC,6C:B3:11:1C:18:19
Packet_20,1,ETH,EtherType,ARP
Packet_20,2,RAW,Data,0x24242424242424242424242424242424242424242424242424242424242424242424242424242424242424242424
Packet_21,1,ETH,Destination MAC,A0:36:9F:A8:DA:61
Packet_21,1,ETH,Source MAC,6C:B3:11:1C:18:19
Packet_21,1,ETH,EtherType,ARP
Packet_21,2,RAW,Data,0x25252525252525252525252525252525252525252525252525252525252525252525252525252525252525252525
Packet_22,1,ETH,Destination MAC,A0:36:9F:A8:DA:62
Packet_22,1,ETH,Source MAC,6C:B3:11:1C:18:19
Packet_22,1,ETH,EtherType,ARP
Packet_22,2,RAW,Data,0x26262626262626262626262626262626262626262626262626262626262626262626262626262626262626262626
Packet_23,1,ETH,Destination MAC,A0:36:9F:A8:DA:63
Packet_23,1,ETH,Source MAC,6C:B3:11:1C:18:19
Packet_23,1,ETH,EtherType,ARP
Packet_23,2,RAW,Data,0x27272727272727272727272727272727272727272727272727272727272727272727272727272727272727272727
Packet_24,1,ETH,Destination MAC,6C:B3:11:1C:18:18
Packet_24,1,ETH,Source MAC,6C:B3:11:1C:18:19
Packet_24,1,ETH,EtherType,ARP
Packet_24,2,RAW,Data,0x28282828282828282828282828282828282828282828282828282828282828282828282828282828282828282828
Packet_25,1,ETH,Destination MAC,A0:36:9F:A8:DA:60
Packet_25,1,ETH,Source MAC,6C:B3:11:1C:18:18
Packet_25,1,ETH,EtherType,ARP
Packet_25,2,RAW,Data,0x29292929292929292929292929292929292929292929292929292929292929292929292929292929292929292929
Packet_26,1,ETH,Destination MAC,A0:36:9F:A8:DA:61
Packet_26,1,ETH,Source MAC,6C:B3:11:1C:18:18
Packet_26,1,ETH,EtherType,ARP
Packet_26,2,RAW,Data,0x2A2A2A2A2A2A2A2A2A2A2A2A2A2A2A2A2A2A2A2A2A2A2A2A2A2A2A2A2A2A2A2A2A2A2A2A2A2A2A2A2A2A2A2A2A2A
Packet_27,1,ETH,Destination MAC,A0:36:9F:A8:DA:62
Packet_27,1,ETH,Source MAC,6C:B3:11:1C:18:18
Packet_27,1,ETH,EtherType,ARP
Packet_27,2,RAW,Data,0x2B2B2B2B2B2B2B2B2B2B2B2B2B2B2B2B2B2B2B2B2B2B2B2B2B2B2B2B2B2B2B2B2B2B2B2B2B2B2B2B2B2B2B2B2B2B
Packet_28,1,ETH,Destination MAC,A0:36:9F:A8:DA:63
Packet_28,1,ETH,Source MAC,6C:B3:11:1C:18:18
Packet_28,1,ETH,EtherType,ARP
Packet_28,2,RAW,Data,0x2C2C2C2C2C2C2C2C2C2C2C2C2C2C2C2C2C2C2C2C2C2C2C2C2C2C2C2C2C2C2C2C2C2C2C2C2C2C2C2C2C2C2C2C2C2C
Packet_29,1,ETH,Destination MAC,6C:B3:11:1C:18:19
Packet_29,1,ETH,Source MAC,6C:B3:11:1C:18:18
Packet_29,1,ETH,EtherType,ARP
Packet_29,2,RAW,Data,0x2D2D2D2D2D2D2D2D2D2D2D2D2D2D2D2D2D2D2D2D2D2D2D2D2D2D2D2D2D2D2D2D2D2D2D2D2D2D2D2D2D2D2D2D2D2D
Packet_30,1,ETH,Destination MAC,6C:B3:11:1C:18:19
Packet_30,1,ETH,Source MAC,FF:FF:FF:FF:FF:FF
Packet_30,1,ETH,EtherType,ARP
Packet_30,2,RAW,Data,0x2E2E2E2E2E2E2E2E2E2E2E2E2E2E2E2E2E2E2E2E2E2E2E2E2E2E2E2E2E2E2E2E2E2E2E2E2E2E2E2E2E2E2E2E2E2E
Packet_31,1,ETH,Destination MAC,6C:B3:11:1C:18:19
Packet_31,1,ETH,Source MAC,01:00:5E:00:00:01
Packet_31,1,ETH,EtherType,ARP
Packet_31,2,RAW,Data,0x2F2F2F2F2F2F2F2F2F2F2F2F2F2F2F2F2F2F2F2F2F2F2F2F2F2F2F2F2F2F2F2F2F2F2F2F2F2F2F2F2F2F2F2F2F2F
Packet_32,1,ETH,Destination MAC,FF:FF:FF:FF:FF:FF
Packet_32,1,ETH,Source MAC,6C:B3:11:1C:18:18
Packet_32,1,ETH,EtherType,ARP
Packet_32,2,RAW,Data,0x30303030303030303030303030303030303030303030303030303030303030303030303030303030303030303030
Packet_33,1,ETH,Destination MAC,01:00:5E:00:00:01
Packet_33,1,ETH,Source MAC,6C:B3:11:1C:18:18
Packet_33,1,ETH,EtherType,ARP
Packet_33,2,RAW,Data,0x31313131313131313131313131313131313131313131313131313131313131313131313131313131313131313131
Packet_34,1,ETH,Destination MAC,6C:B3:11:1C:18:18
Packet_34,1,ETH,Source MAC,6C:B3:11:1C:18:19
Packet_34,1,ETH,EtherType,ARP
Packet_34,2,RAW,Data,0x32323232323232323232323232323232323232323232323232323232323232323232323232323232323232323232
Packet_35,1,ETH,Destination MAC,FF:FF:FF:FF:FF:FF
Packet_35,1,ETH,Source MAC,A0:36:9F:A8:DA:62
Packet_35,1,ETH,EtherType,VLAN
Packet_35,2,VLAN,Priority,0
Packet_35,2,VLAN,VLAN ID,20
Packet_35,2,VLAN,EtherType,ARP
Packet_35,3,RAW,Data,0x333333333333333333333333333333333333333333
